ID,patch1,patch2,dS,dL,group,treatment,individual,day
3,natural,habit1.1,0.975702109,9.0022134,habituation,light,1,1
224,light,habit1.1,2.493265588,11.1782617,habituation,light,1,1
444,dark,habit1.1,1.875859935,24.2194409,habituation,light,1,1
4,natural,habit2.1,2.706904113,3.626676,habituation,dark,2,1
225,light,habit2.1,1.153986335,16.5537991,habituation,dark,2,1
445,dark,habit2.1,3.415234164,18.8439035,habituation,dark,2,1
5,natural,habit3.1,1.097027284,13.2656159,habituation,light,3,1
226,light,habit3.1,0.742690447,6.9148592,habituation,light,3,1
446,dark,habit3.1,2.287933346,28.4828434,habituation,light,3,1
6,natural,habit4.1,1.218748765,2.0125645,habituation,light,4,1
227,light,habit4.1,0.82638364,18.1679106,habituation,light,4,1
447,dark,habit4.1,2.292403315,17.2297921,habituation,light,4,1
7,natural,habit5.1,0.131981537,6.0246793,habituation,light,5,1
228,light,habit5.1,1.453831727,14.1557958,habituation,light,5,1
448,dark,habit5.1,1.606254233,21.2419068,habituation,light,5,1
8,natural,habit6.1,1.538859823,5.9623785,habituation,light,6,1
229,light,habit6.1,3.021187514,14.2180966,habituation,light,6,1
449,dark,habit6.1,1.602196001,21.179606,habituation,light,6,1
9,natural,habit7.1,1.575221573,9.0953422,habituation,dark,7,1
230,light,habit7.1,1.21932732,11.085133,habituation,dark,7,1
450,dark,habit7.1,2.960457214,24.3125697,habituation,dark,7,1
10,natural,habit8.1,0.894115329,6.1858202,habituation,natural,8,1
231,light,habit8.1,2.348477532,13.9946549,habituation,natural,8,1
451,dark,habit8.1,1.816231088,21.4030477,habituation,natural,8,1
11,natural,habit9.1,0.935177996,0.4837551,habituation,light,9,1
232,light,habit9.1,2.116327125,19.69672,habituation,light,9,1
452,dark,habit9.1,1.997120371,15.7009826,habituation,light,9,1
12,natural,habit10.1,1.14635459,6.013987,habituation,natural,10,1
233,light,habit10.1,1.913234713,14.1664881,habituation,natural,10,1
453,dark,habit10.1,2.668048777,21.2312146,habituation,natural,10,1
13,natural,habit11.1,0.972197547,1.9869362,habituation,natural,11,1
234,light,habit11.1,0.720751723,18.1935389,habituation,natural,11,1
454,dark,habit11.1,1.675693997,17.2041637,habituation,natural,11,1
14,natural,habit12.1,1.620532068,10.3688442,habituation,light,12,1
235,light,habit12.1,3.167849881,9.8116309,habituation,light,12,1
455,dark,habit12.1,1.914271046,25.5860718,habituation,light,12,1
15,natural,habit13.1,0.533777224,6.9932602,habituation,dark,13,1
236,light,habit13.1,1.322738342,13.1872149,habituation,dark,13,1
456,dark,habit13.1,1.938289711,22.2104877,habituation,dark,13,1
16,natural,habit14.1,0.725892287,6.8199573,habituation,dark,14,1
237,light,habit14.1,0.938339088,13.3605178,habituation,dark,14,1
457,dark,habit14.1,1.812322641,22.0371848,habituation,dark,14,1
17,natural,habit15.1,1.384283191,9.0476899,habituation,dark,15,1
238,light,habit15.1,2.88099376,11.1327852,habituation,dark,15,1
458,dark,habit15.1,1.719083298,24.2649174,habituation,dark,15,1
18,natural,habit16.1,0.640132871,12.2537589,habituation,natural,16,1
239,light,habit16.1,2.147864681,7.9267162,habituation,natural,16,1
459,dark,habit16.1,1.82737805,27.4709865,habituation,natural,16,1
19,natural,habit17.1,1.349225764,14.6445142,habituation,light,17,1
240,light,habit17.1,2.900838938,5.5359609,habituation,light,17,1
460,dark,habit17.1,1.75150841,29.8617417,habituation,light,17,1
20,natural,habit18.1,0.710989885,12.6784642,habituation,dark,18,1
241,light,habit18.1,1.948047987,7.5020109,habituation,dark,18,1
461,dark,habit18.1,2.054762925,27.8956917,habituation,dark,18,1
21,natural,habit19.1,0.631657385,6.6724874,habituation,dark,19,1
242,light,habit19.1,1.779468728,13.5079877,habituation,dark,19,1
462,dark,habit19.1,1.694764445,21.8897149,habituation,dark,19,1
22,natural,habit20.1,0.823944324,9.6050639,habituation,natural,20,1
243,light,habit20.1,1.075099857,10.5754112,habituation,natural,20,1
463,dark,habit20.1,2.118316031,24.8222915,habituation,natural,20,1
23,natural,habit21.1,0.921821034,10.1323772,habituation,natural,21,1
244,light,habit21.1,2.42329739,10.0480979,habituation,natural,21,1
464,dark,habit21.1,1.869355446,25.3496047,habituation,natural,21,1
24,natural,habit22.1,1.502564524,5.8568345,habituation,dark,22,1
245,light,habit22.1,2.986396635,14.3236406,habituation,dark,22,1
465,dark,habit22.1,2.147704553,21.0740621,habituation,dark,22,1
25,natural,habit1.2,1.618014545,6.6266788,habituation,light,1,2
246,light,habit1.2,2.801745794,13.5537963,habituation,light,1,2
466,dark,habit1.2,2.907303055,21.8439064,habituation,light,1,2
26,natural,habit2.2,0.746954804,1.1146765,habituation,dark,2,2
247,light,habit2.2,1.525042092,19.0657986,habituation,dark,2,2
467,dark,habit2.2,2.196638353,16.331904,habituation,dark,2,2
27,natural,habit3.2,1.062775165,7.3485201,habituation,light,3,2
248,light,habit3.2,2.08708072,12.831955,habituation,light,3,2
468,dark,habit3.2,2.499325455,22.5657476,habituation,light,3,2
28,natural,habit4.2,1.241996311,5.7742936,habituation,light,4,2
249,light,habit4.2,2.461432233,14.4061815,habituation,light,4,2
469,dark,habit4.2,2.496608949,20.9915212,habituation,light,4,2
29,natural,habit5.2,3.223080366,9.686605,habituation,light,5,2
250,light,habit5.2,4.745376466,10.4938701,habituation,light,5,2
470,dark,habit5.2,3.600156555,24.9038325,habituation,light,5,2
30,natural,habit6.2,2.360085715,9.8888861,habituation,light,6,2
251,light,habit6.2,3.809627889,10.291589,habituation,light,6,2
471,dark,habit6.2,3.156762864,25.1061137,habituation,light,6,2
31,natural,habit7.2,1.973165271,10.0483804,habituation,dark,7,2
252,light,habit7.2,2.657917934,10.1320947,habituation,dark,7,2
472,dark,habit7.2,3.436328028,25.2656079,habituation,dark,7,2
32,natural,habit8.2,3.444019148,11.0250067,habituation,natural,8,2
253,light,habit8.2,4.949045497,9.1554684,habituation,natural,8,2
473,dark,habit8.2,3.905058821,26.2422342,habituation,natural,8,2
33,natural,habit9.2,1.060038868,4.8822108,habituation,light,9,2
254,light,habit9.2,2.135527792,15.2982643,habituation,light,9,2
474,dark,habit9.2,2.471328323,20.0994383,habituation,light,9,2
34,natural,habit10.2,2.266417077,6.943095,habituation,natural,10,2
255,light,habit10.2,3.764196019,13.2373802,habituation,natural,10,2
475,dark,habit10.2,2.936787037,22.1603225,habituation,natural,10,2
35,natural,habit11.2,3.333398936,1.2631424,habituation,natural,11,2
256,light,habit11.2,4.886445755,18.9173327,habituation,natural,11,2
476,dark,habit11.2,3.622001456,16.4803699,habituation,natural,11,2
36,natural,habit12.2,1.892408327,6.3510446,habituation,light,12,2
257,light,habit12.2,3.292234996,13.8294305,habituation,light,12,2
477,dark,habit12.2,2.805936453,21.5682721,habituation,light,12,2
37,natural,habit13.2,2.493614654,7.4912658,habituation,dark,13,2
258,light,habit13.2,3.931715162,12.6892093,habituation,dark,13,2
478,dark,habit13.2,3.287684731,22.7084933,habituation,dark,13,2
38,natural,habit14.2,0.972365619,1.5681371,habituation,dark,14,2
259,light,habit14.2,1.999455439,18.612338,habituation,dark,14,2
479,dark,habit14.2,2.454507156,16.7853646,habituation,dark,14,2
39,natural,habit15.2,4.908246889,8.937213,habituation,dark,15,2
260,light,habit15.2,6.416727504,11.2432621,habituation,dark,15,2
480,dark,habit15.2,5.287025937,24.1544405,habituation,dark,15,2
40,natural,habit16.2,1.501320992,8.2579472,habituation,natural,16,2
261,light,habit16.2,2.806139247,11.9225279,habituation,natural,16,2
481,dark,habit16.2,2.654173194,23.4751748,habituation,natural,16,2
41,natural,habit17.2,3.341702292,17.4850401,habituation,light,17,2
262,light,habit17.2,4.876154679,2.695435,habituation,light,17,2
482,dark,habit17.2,3.631385765,32.7022676,habituation,light,17,2
42,natural,habit18.2,5.184333534,3.6528102,habituation,dark,18,2
263,light,habit18.2,6.718699947,16.5276649,habituation,dark,18,2
483,dark,habit18.2,5.456086238,18.8700377,habituation,dark,18,2
43,natural,habit19.2,3.338783606,3.9920344,habituation,dark,19,2
264,light,habit19.2,4.835890766,16.1884407,habituation,dark,19,2
484,dark,habit19.2,3.834418867,19.2092619,habituation,dark,19,2
44,natural,habit20.2,2.442691968,8.6528244,habituation,natural,20,2
265,light,habit20.2,3.951344463,11.5276507,habituation,natural,20,2
485,dark,habit20.2,3.020953756,23.8700519,habituation,natural,20,2
45,natural,habit21.2,2.970390845,11.6753797,habituation,natural,21,2
266,light,habit21.2,4.347403515,8.5050954,habituation,natural,21,2
486,dark,habit21.2,3.833440673,26.8926072,habituation,natural,21,2
46,natural,habit22.2,3.021078723,11.4256561,habituation,dark,22,2
267,light,habit22.2,4.454536162,8.754819,habituation,dark,22,2
487,dark,habit22.2,3.760677725,26.6428836,habituation,dark,22,2
47,natural,habit1.3,1.915290139,10.3353066,habituation,light,1,3
268,light,habit1.3,3.350714954,9.8451685,habituation,light,1,3
488,dark,habit1.3,2.855622973,25.5525341,habituation,light,1,3
48,natural,habit2.3,1.36348286,8.913754,habituation,dark,2,3
269,light,habit2.3,2.780450117,11.2667211,habituation,dark,2,3
489,dark,habit2.3,2.373802408,24.1309815,habituation,dark,2,3
49,natural,habit3.3,1.143523374,18.0563772,habituation,light,3,3
270,light,habit3.3,2.089920503,2.1240979,habituation,light,3,3
490,dark,habit3.3,2.58439941,33.2736047,habituation,light,3,3
50,natural,habit4.3,1.642810514,13.7517134,habituation,light,4,3
271,light,habit4.3,3.059130493,6.4287618,habituation,light,4,3
491,dark,habit4.3,2.638271971,28.9689409,habituation,light,4,3
51,natural,habit5.3,2.580150314,10.1547958,habituation,light,5,3
272,light,habit5.3,3.995279291,10.0256793,habituation,light,5,3
492,dark,habit5.3,3.429129238,25.3720234,habituation,light,5,3
52,natural,habit6.3,2.553585653,11.1698536,habituation,light,6,3
273,light,habit6.3,4.031637814,9.0106215,habituation,light,6,3
493,dark,habit6.3,3.268359383,26.3870812,habituation,light,6,3
53,natural,habit7.3,1.705609512,8.8897401,habituation,dark,7,3
274,light,habit7.3,3.098432058,11.290735,habituation,dark,7,3
494,dark,habit7.3,2.768644273,24.1069676,habituation,dark,7,3
54,natural,habit8.3,2.06264951,9.7766839,habituation,natural,8,3
275,light,habit8.3,3.532419855,10.4037913,habituation,natural,8,3
495,dark,habit8.3,2.856307102,24.9939114,habituation,natural,8,3
55,natural,habit9.3,1.588785231,3.7825398,habituation,light,9,3
276,light,habit9.3,2.436669788,16.3979353,habituation,light,9,3
496,dark,habit9.3,3.045562066,18.9997673,habituation,light,9,3
56,natural,habit10.3,1.605679816,9.525074,habituation,natural,10,3
277,light,habit10.3,2.860927267,10.6554011,habituation,natural,10,3
497,dark,habit10.3,2.845554289,24.7423015,habituation,natural,10,3
57,natural,habit11.3,2.114983515,8.6506071,habituation,natural,11,3
278,light,habit11.3,3.42147548,11.529868,habituation,natural,11,3
498,dark,habit11.3,3.223040075,23.8678346,habituation,natural,11,3
58,natural,habit12.3,2.255918681,13.4751226,habituation,light,12,3
279,light,habit12.3,3.673980047,6.7053525,habituation,light,12,3
499,dark,habit12.3,3.146308071,28.6923501,habituation,light,12,3
59,natural,habit13.3,4.057118858,7.6023995,habituation,dark,13,3
280,light,habit13.3,5.585551997,12.5780756,habituation,dark,13,3
500,dark,habit13.3,4.432296853,22.819627,habituation,dark,13,3
60,natural,habit14.3,2.062723513,6.4182793,habituation,dark,14,3
281,light,habit14.3,3.48927283,13.7621958,habituation,dark,14,3
501,dark,habit14.3,2.992076526,21.6355068,habituation,dark,14,3
61,natural,habit15.3,3.070999861,12.0421179,habituation,dark,15,3
282,light,habit15.3,4.548024548,8.1383572,habituation,dark,15,3
502,dark,habit15.3,3.704475817,27.2593454,habituation,dark,15,3
62,natural,habit16.3,3.957554409,10.960387,habituation,natural,16,3
283,light,habit16.3,5.408906875,9.2200881,habituation,natural,16,3
503,dark,habit16.3,4.591060205,26.1776146,habituation,natural,16,3
63,natural,habit17.3,2.057381392,17.2953153,habituation,light,17,3
284,light,habit17.3,3.550775625,2.8851598,habituation,light,17,3
504,dark,habit17.3,2.774154656,32.5125428,habituation,light,17,3
64,natural,habit18.3,3.114128201,10.4721603,habituation,dark,18,3
285,light,habit18.3,4.637857734,9.7083148,habituation,dark,18,3
505,dark,habit18.3,3.610749657,25.6893878,habituation,dark,18,3
65,natural,habit19.3,2.317339966,11.8698475,habituation,dark,19,3
286,light,habit19.3,3.702457374,8.3106277,habituation,dark,19,3
506,dark,habit19.3,3.275553142,27.087075,habituation,dark,19,3
66,natural,habit20.3,3.134633436,8.3579879,habituation,natural,20,3
287,light,habit20.3,4.611162388,11.8224872,habituation,natural,20,3
507,dark,habit20.3,3.75771993,23.5752155,habituation,natural,20,3
67,natural,habit21.3,1.665362846,11.7857967,habituation,natural,21,3
288,light,habit21.3,2.850127921,8.3946784,habituation,natural,21,3
508,dark,habit21.3,2.958397523,27.0030242,habituation,natural,21,3
68,natural,habit22.3,3.540479606,10.1120569,habituation,dark,22,3
289,light,habit22.3,5.081669284,10.0684182,habituation,dark,22,3
509,dark,habit22.3,3.861347049,25.3292844,habituation,dark,22,3
69,natural,habit1.4,2.624965835,11.1798846,habituation,light,1,4
290,light,habit1.4,3.993607176,9.0005905,habituation,light,1,4
510,dark,habit1.4,3.544627721,26.3971122,habituation,light,1,4
70,natural,habit2.4,1.90369395,7.1773524,habituation,dark,2,4
291,light,habit2.4,3.417025019,13.0031227,habituation,dark,2,4
511,dark,habit2.4,2.411407863,22.3945799,habituation,dark,2,4
71,natural,habit3.4,1.296404146,11.1941161,habituation,light,3,4
292,light,habit3.4,1.916792253,8.986359,habituation,light,3,4
512,dark,habit3.4,2.804528159,26.4113436,habituation,light,3,4
72,natural,habit4.4,3.565066938,6.2775749,habituation,light,4,4
293,light,habit4.4,5.0866411,13.9029002,habituation,light,4,4
513,dark,habit4.4,3.982721983,21.4948024,habituation,light,4,4
73,natural,habit5.4,2.75375923,11.2793775,habituation,light,5,4
294,light,habit5.4,4.242856229,8.9010976,habituation,light,5,4
514,dark,habit5.4,3.294332247,26.496605,habituation,light,5,4
74,natural,habit6.4,2.543398408,11.6586334,habituation,light,6,4
295,light,habit6.4,4.00772908,8.5218417,habituation,light,6,4
515,dark,habit6.4,3.24472398,26.875861,habituation,light,6,4
75,natural,habit7.4,1.569214443,9.3499832,habituation,dark,7,4
296,light,habit7.4,2.835635007,10.8304919,habituation,dark,7,4
516,dark,habit7.4,2.786280868,24.5672107,habituation,dark,7,4
76,natural,habit8.4,2.612082613,12.7160472,habituation,natural,8,4
297,light,habit8.4,3.99280802,7.4644279,habituation,natural,8,4
517,dark,habit8.4,3.5240375,27.9332748,habituation,natural,8,4
77,natural,habit9.4,3.066398588,10.6726455,habituation,light,9,4
298,light,habit9.4,4.52451024,9.5078296,habituation,light,9,4
518,dark,habit9.4,3.692459626,25.889873,habituation,light,9,4
78,natural,habit10.4,2.088316642,8.4415869,habituation,natural,10,4
299,light,habit10.4,3.559339549,11.7388882,habituation,natural,10,4
519,dark,habit10.4,2.884948763,23.6588145,habituation,natural,10,4
79,natural,habit11.4,2.084379551,6.8636307,habituation,natural,11,4
300,light,habit11.4,3.487472517,13.3168444,habituation,natural,11,4
520,dark,habit11.4,2.979803618,22.0808583,habituation,natural,11,4
80,natural,habit12.4,3.074339993,12.885841,habituation,light,12,4
301,light,habit12.4,4.558941123,7.2946341,habituation,light,12,4
521,dark,habit12.4,3.63371903,28.1030685,habituation,light,12,4
81,natural,habit13.4,2.209565239,13.2607071,habituation,dark,13,4
302,light,habit13.4,3.707927515,6.919768,habituation,dark,13,4
522,dark,habit13.4,2.90069595,28.4779346,habituation,dark,13,4
82,natural,habit14.4,2.101779852,8.6201559,habituation,dark,14,4
303,light,habit14.4,3.513335505,11.5603192,habituation,dark,14,4
523,dark,habit14.4,2.994565353,23.8373835,habituation,dark,14,4
83,natural,habit15.4,4.872122295,11.2980139,habituation,dark,15,4
304,light,habit15.4,6.38622761,8.8824613,habituation,dark,15,4
524,dark,habit15.4,5.167496666,26.5152414,habituation,dark,15,4
84,natural,habit16.4,2.470703948,10.7560464,habituation,natural,16,4
305,light,habit16.4,3.947874191,9.4244287,habituation,natural,16,4
525,dark,habit16.4,3.169897357,25.9732739,habituation,natural,16,4
85,natural,habit17.4,1.879056253,11.6146193,habituation,light,17,4
306,light,habit17.4,3.39046139,8.5658558,habituation,light,17,4
526,dark,habit17.4,2.503136403,26.8318468,habituation,light,17,4
86,natural,habit18.4,3.596929502,9.674431,habituation,dark,18,4
307,light,habit18.4,5.106347601,10.5060441,habituation,dark,18,4
527,dark,habit18.4,4.110597455,24.8916585,habituation,dark,18,4
87,natural,habit19.4,3.505704933,10.6021355,habituation,dark,19,4
308,light,habit19.4,4.998350456,9.5783396,habituation,dark,19,4
528,dark,habit19.4,4.007143747,25.819363,habituation,dark,19,4
88,natural,habit20.4,3.596265543,12.2260348,habituation,natural,20,4
309,light,habit20.4,5.123588188,7.9544403,habituation,natural,20,4
529,dark,habit20.4,3.980191407,27.4432624,habituation,natural,20,4
89,natural,habit21.4,3.589201668,14.215111,habituation,natural,21,4
310,light,habit21.4,5.017706452,5.9653641,habituation,natural,21,4
530,dark,habit21.4,4.305954095,29.4323385,habituation,natural,21,4
90,natural,habit22.4,2.109939011,15.3026702,habituation,dark,22,4
311,light,habit22.4,3.479236087,4.8778049,habituation,dark,22,4
531,dark,habit22.4,3.077826833,30.5198978,habituation,dark,22,4
91,natural,exp1.7,3.316796153,13.4222715,experiment,light,1,7
312,light,exp1.7,4.77302355,6.7582037,experiment,light,1,7
532,dark,exp1.7,3.977415481,28.639499,experiment,light,1,7
92,natural,exp2.7,1.63626515,5.6802646,experiment,dark,2,7
313,light,exp2.7,2.881379041,14.5002105,experiment,dark,2,7
533,dark,exp2.7,2.824954588,20.8974921,experiment,dark,2,7
93,natural,exp3.7,2.883391239,17.5237935,experiment,light,3,7
314,light,exp3.7,4.200473082,2.6566816,experiment,light,3,7
534,dark,exp3.7,3.829971202,32.741021,experiment,light,3,7
94,natural,exp4.7,3.315721615,13.9470278,experiment,light,4,7
315,light,exp4.7,4.807127747,6.2334473,experiment,light,4,7
535,dark,exp4.7,3.840724122,29.1642554,experiment,light,4,7
95,natural,exp5.7,1.192702365,21.4484631,experiment,light,5,7
316,light,exp5.7,2.143604764,1.267988,experiment,light,5,7
536,dark,exp5.7,2.664047991,36.6656906,experiment,light,5,7
96,natural,exp6.7,1.508750823,16.6733486,experiment,light,6,7
317,light,exp6.7,2.834022621,3.5071265,experiment,light,6,7
537,dark,exp6.7,2.644336242,31.8905761,experiment,light,6,7
97,natural,exp7.7,2.292456158,14.8227846,experiment,dark,7,7
318,light,exp7.7,3.641577241,5.3576906,experiment,dark,7,7
538,dark,exp7.7,3.291727189,30.0400121,experiment,dark,7,7
98,natural,exp8.7,1.977460452,15.4034765,experiment,natural,8,7
319,light,exp8.7,2.940373056,4.7769986,experiment,natural,8,7
539,dark,exp8.7,3.363193581,30.6207041,experiment,natural,8,7
99,natural,exp9.7,3.109338695,13.2512016,experiment,light,9,7
320,light,exp9.7,4.593779488,6.9292735,experiment,light,9,7
540,dark,exp9.7,3.6592819,28.4684291,experiment,light,9,7
100,natural,exp10.7,0.748526307,11.4677102,experiment,natural,10,7
321,light,exp10.7,1.696631823,8.7127649,experiment,natural,10,7
541,dark,exp10.7,2.243315843,26.6849377,experiment,natural,10,7
101,natural,exp11.7,3.320114408,12.2433679,experiment,natural,11,7
322,light,exp11.7,4.762846781,7.9371072,experiment,natural,11,7
542,dark,exp11.7,3.962048501,27.4605954,experiment,natural,11,7
102,natural,exp12.7,1.579833489,15.435927,experiment,light,12,7
323,light,exp12.7,2.70981649,4.7445481,experiment,light,12,7
543,dark,exp12.7,2.920858238,30.6531545,experiment,light,12,7
103,natural,exp13.7,1.725744831,12.8913826,experiment,dark,13,7
324,light,exp13.7,3.016810647,7.2890925,experiment,dark,13,7
544,dark,exp13.7,2.868211237,28.1086102,experiment,dark,13,7
104,natural,exp14.7,1.261819977,10.0086326,experiment,dark,14,7
325,light,exp14.7,2.620250609,10.1718425,experiment,dark,14,7
545,dark,exp14.7,2.378225155,25.2258601,experiment,dark,14,7
105,natural,exp15.7,5.833122478,10.8308957,experiment,dark,15,7
326,light,exp15.7,7.362961559,9.3495794,experiment,dark,15,7
546,dark,exp15.7,6.038926448,26.0481232,experiment,dark,15,7
106,natural,exp16.7,3.753362023,8.0041296,experiment,natural,16,7
327,light,exp16.7,5.282819073,12.1763455,experiment,natural,16,7
547,dark,exp16.7,4.025903134,23.2213571,experiment,natural,16,7
107,natural,exp17.7,2.711247267,16.1996363,experiment,light,17,7
328,light,exp17.7,4.195601992,3.9808388,experiment,light,17,7
548,dark,exp17.7,3.285080373,31.4168638,experiment,light,17,7
108,natural,exp18.7,1.809201592,6.8386438,experiment,dark,18,7
329,light,exp18.7,3.176789307,13.3418313,experiment,dark,18,7
549,dark,exp18.7,2.879110489,22.0558713,experiment,dark,18,7
109,natural,exp19.7,2.447125823,11.9109217,experiment,dark,19,7
330,light,exp19.7,3.862035063,8.2695534,experiment,dark,19,7
550,dark,exp19.7,3.258433978,27.1281492,experiment,dark,19,7
110,natural,exp20.7,3.191845282,6.7912165,experiment,natural,20,7
331,light,exp20.7,4.611516502,13.3892586,experiment,natural,20,7
551,dark,exp20.7,3.936764876,22.008444,experiment,natural,20,7
111,natural,exp21.7,4.519808886,14.8233866,experiment,natural,21,7
332,light,exp21.7,5.968712763,5.3570885,experiment,natural,21,7
552,dark,exp21.7,5.102968907,30.0406142,experiment,natural,21,7
112,natural,exp22.7,4.260996795,10.5519031,experiment,dark,22,7
333,light,exp22.7,5.739017935,9.628572,experiment,dark,22,7
553,dark,exp22.7,4.757074703,25.7691306,experiment,dark,22,7
113,natural,exp1.8,2.807333464,16.1659291,experiment,light,1,8
334,light,exp1.8,4.245563109,4.014546,experiment,light,1,8
554,dark,exp1.8,3.566368686,31.3831567,experiment,light,1,8
114,natural,exp2.8,1.153940955,6.777793,experiment,dark,2,8
335,light,exp2.8,2.484728799,13.4026821,experiment,dark,2,8
555,dark,exp2.8,2.308780382,21.9950205,experiment,dark,2,8
115,natural,exp3.8,2.002081937,16.4475795,experiment,light,3,8
336,light,exp3.8,3.337041451,3.7328956,experiment,light,3,8
556,dark,exp3.8,3.031063139,31.664807,experiment,light,3,8
116,natural,exp4.8,3.119035344,11.9893293,experiment,light,4,8
337,light,exp4.8,4.597111436,8.1911458,experiment,light,4,8
557,dark,exp4.8,3.678033861,27.2065568,experiment,light,4,8
117,natural,exp5.8,3.945438005,15.0027912,experiment,light,5,8
338,light,exp5.8,5.470042326,5.1776839,experiment,light,5,8
558,dark,exp5.8,4.245910719,30.2200188,experiment,light,5,8
118,natural,exp6.8,1.271664099,15.9895242,experiment,light,6,8
339,light,exp6.8,2.621818568,4.1909509,experiment,light,6,8
559,dark,exp6.8,2.439527736,31.2067518,experiment,light,6,8
119,natural,exp7.8,2.562856971,9.9989166,experiment,dark,7,8
340,light,exp7.8,3.988714303,10.1815585,experiment,dark,7,8
560,dark,exp7.8,3.401083921,25.2161441,experiment,dark,7,8
120,natural,exp8.8,3.749278691,10.830493,experiment,natural,8,8
341,light,exp8.8,5.192394183,9.3499821,experiment,natural,8,8
561,dark,exp8.8,4.379561356,26.0477205,experiment,natural,8,8
121,natural,exp9.8,3.390359112,14.3910397,experiment,light,9,8
342,light,exp9.8,4.905440218,5.7894354,experiment,light,9,8
562,dark,exp9.8,3.685692764,29.6082673,experiment,light,9,8
122,natural,exp10.8,1.228557728,9.0580382,experiment,natural,10,8
343,light,exp10.8,2.530428074,11.1224369,experiment,natural,10,8
563,dark,exp10.8,2.474750879,24.2752657,experiment,natural,10,8
123,natural,exp11.8,2.306800901,6.4041373,experiment,natural,11,8
344,light,exp11.8,3.613643947,13.7763378,experiment,natural,11,8
564,dark,exp11.8,3.291506523,21.6213648,experiment,natural,11,8
124,natural,exp12.8,2.109138963,15.6146814,experiment,light,12,8
345,light,exp12.8,3.607661695,4.5657937,experiment,light,12,8
565,dark,exp12.8,2.756219633,30.8319089,experiment,light,12,8
125,natural,exp13.8,3.426732269,9.6708548,experiment,dark,13,8
346,light,exp13.8,4.902538765,10.5096204,experiment,dark,13,8
566,dark,exp13.8,3.999055311,24.8880823,experiment,dark,13,8
126,natural,exp14.8,1.71518499,9.5982109,experiment,dark,14,8
347,light,exp14.8,3.182428215,10.5822642,experiment,dark,14,8
567,dark,exp14.8,2.436514744,24.8154384,experiment,dark,14,8
127,natural,exp15.8,2.981145045,13.4034512,experiment,dark,15,8
348,light,exp15.8,4.370525299,6.7770239,experiment,dark,15,8
568,dark,exp15.8,3.820467461,28.6206787,experiment,dark,15,8
128,natural,exp16.8,4.58778073,8.08009,experiment,natural,16,8
349,light,exp16.8,6.09539511,12.1003851,experiment,natural,16,8
569,dark,exp16.8,4.943630694,23.2973175,experiment,natural,16,8
129,natural,exp17.8,3.462815344,15.8619677,experiment,light,17,8
350,light,exp17.8,5.000834232,4.3185074,experiment,light,17,8
570,dark,exp17.8,3.749345195,31.0791952,experiment,light,17,8
130,natural,exp18.8,6.158302998,0.4948902,experiment,dark,18,8
351,light,exp18.8,7.70326672,20.6753653,experiment,dark,18,8
571,dark,exp18.8,6.210523911,14.7223373,experiment,dark,18,8
131,natural,exp19.8,2.140681483,6.9682379,experiment,dark,19,8
352,light,exp19.8,3.599385992,13.2122372,experiment,dark,19,8
572,dark,exp19.8,2.869601483,22.1854654,experiment,dark,19,8
132,natural,exp20.8,3.708483315,10.4433072,experiment,natural,20,8
353,light,exp20.8,5.196295804,9.7371679,experiment,natural,20,8
573,dark,exp20.8,4.234964861,25.6605347,experiment,natural,20,8
133,natural,exp21.8,2.884500796,11.5666299,experiment,natural,21,8
354,light,exp21.8,4.272592086,8.6138452,experiment,natural,21,8
574,dark,exp21.8,3.709511864,26.7838574,experiment,natural,21,8
134,natural,exp22.8,5.135219799,11.6081955,experiment,dark,22,8
355,light,exp22.8,6.669491673,8.5722796,experiment,dark,22,8
575,dark,exp22.8,5.310988388,26.825423,experiment,dark,22,8
135,natural,exp1.9,3.883079282,17.2939184,experiment,light,1,9
356,light,exp1.9,5.379436752,2.8865567,experiment,light,1,9
576,dark,exp1.9,4.371412121,32.5111459,experiment,light,1,9
136,natural,exp2.9,1.044977883,2.9825132,experiment,dark,2,9
357,light,exp2.9,1.109034469,17.1979619,experiment,dark,2,9
577,dark,exp2.9,2.434823259,18.1997408,experiment,dark,2,9
137,natural,exp3.9,3.369935543,15.2654033,experiment,light,3,9
358,light,exp3.9,4.862791896,4.9150718,experiment,light,3,9
578,dark,exp3.9,3.793830392,30.4826309,experiment,light,3,9
138,natural,exp4.9,2.852046908,14.3028602,experiment,light,4,9
359,light,exp4.9,4.306203232,5.8776149,experiment,light,4,9
579,dark,exp4.9,3.504983186,29.5200877,experiment,light,4,9
139,natural,exp5.9,4.265578753,11.4778222,experiment,light,5,9
360,light,exp5.9,5.778361408,8.702653,experiment,light,5,9
580,dark,exp5.9,4.548259875,26.6950497,experiment,light,5,9
140,natural,exp6.9,4.306627085,14.4448966,experiment,light,6,9
361,light,exp6.9,5.840955479,5.7355785,experiment,light,6,9
581,dark,exp6.9,4.54658884,29.6621241,experiment,light,6,9
141,natural,exp7.9,2.992252484,8.3317739,experiment,dark,7,9
362,light,exp7.9,4.440501925,11.8487012,experiment,dark,7,9
582,dark,exp7.9,3.724044438,23.5490014,experiment,dark,7,9
142,natural,exp8.9,4.399738923,11.6572707,experiment,natural,8,9
363,light,exp8.9,5.875943296,8.5232044,experiment,natural,8,9
583,dark,exp8.9,4.870972919,26.8744982,experiment,natural,8,9
143,natural,exp9.9,2.892707538,11.5323975,experiment,light,9,9
364,light,exp9.9,4.359920378,8.6480776,experiment,light,9,9
584,dark,exp9.9,3.471966611,26.749625,experiment,light,9,9
144,natural,exp10.9,1.098581932,11.6209095,experiment,natural,10,9
365,light,exp10.9,2.004246324,8.5595656,experiment,natural,10,9
585,dark,exp10.9,2.58544435,26.838137,experiment,natural,10,9
145,natural,exp11.9,1.992442456,6.7665116,experiment,natural,11,9
366,light,exp11.9,3.440508097,13.4139635,experiment,natural,11,9
586,dark,exp11.9,2.714987209,21.9837392,experiment,natural,11,9
146,natural,exp12.9,3.412067896,12.8913645,experiment,light,12,9
367,light,exp12.9,4.93052529,7.2891106,experiment,light,12,9
587,dark,exp12.9,3.776344509,28.108592,experiment,light,12,9
147,natural,exp13.9,1.739633202,11.5406419,experiment,dark,13,9
368,light,exp13.9,3.089634128,8.6398332,experiment,dark,13,9
588,dark,exp13.9,2.826502273,26.7578694,experiment,dark,13,9
148,natural,exp14.9,0.707494504,4.5467897,experiment,dark,14,9
369,light,exp14.9,1.677664204,15.6336854,experiment,dark,14,9
589,dark,exp14.9,2.201071822,19.7640172,experiment,dark,14,9
149,natural,exp15.9,3.085330633,11.1481863,experiment,dark,15,9
370,light,exp15.9,4.47324768,9.0322888,experiment,dark,15,9
590,dark,exp15.9,3.878213615,26.3654138,experiment,dark,15,9
150,natural,exp16.9,3.225132028,9.2232467,experiment,natural,16,9
371,light,exp16.9,4.674983919,10.9572284,experiment,natural,16,9
591,dark,exp16.9,3.925566797,24.4404743,experiment,natural,16,9
151,natural,exp17.9,2.024530773,17.4771318,experiment,light,17,9
372,light,exp17.9,3.497722593,2.7033433,experiment,light,17,9
592,dark,exp17.9,2.775816392,32.6943593,experiment,light,17,9
152,natural,exp18.9,2.556134209,4.7222459,experiment,dark,18,9
373,light,exp18.9,3.98981244,15.4582292,experiment,dark,18,9
593,dark,exp18.9,3.352353602,19.9394734,experiment,dark,18,9
153,natural,exp19.9,2.973151814,9.0954228,experiment,dark,19,9
374,light,exp19.9,4.376914051,11.0850523,experiment,dark,19,9
594,dark,exp19.9,3.741440667,24.3126503,experiment,dark,19,9
154,natural,exp20.9,1.629974722,9.0003998,experiment,natural,20,9
375,light,exp20.9,2.946388054,11.1800753,experiment,natural,20,9
595,dark,exp20.9,2.765077164,24.2176273,experiment,natural,20,9
155,natural,exp21.9,4.547157664,12.5405005,experiment,natural,21,9
376,light,exp21.9,5.998966523,7.6399746,experiment,natural,21,9
596,dark,exp21.9,5.1166179,27.757728,experiment,natural,21,9
156,natural,exp22.9,3.633370575,11.5194404,experiment,dark,22,9
377,light,exp22.9,5.051141397,8.6610347,experiment,dark,22,9
597,dark,exp22.9,4.340856267,26.736668,experiment,dark,22,9
157,natural,exp1.10,1.017837234,19.5733069,experiment,light,1,10
378,light,exp1.10,2.235559264,0.6071682,experiment,light,1,10
598,dark,exp1.10,2.375449079,34.7905344,experiment,light,1,10
158,natural,exp2.10,1.860752383,5.2588018,experiment,dark,2,10
379,light,exp2.10,0.622148505,14.9216733,experiment,dark,2,10
599,dark,exp2.10,2.909253268,20.4760293,experiment,dark,2,10
159,natural,exp3.10,1.044088074,18.5682524,experiment,light,3,10
380,light,exp3.10,2.120472668,1.6122227,experiment,light,3,10
600,dark,exp3.10,2.467148452,33.7854799,experiment,light,3,10
160,natural,exp4.10,2.134606416,16.2855245,experiment,light,4,10
381,light,exp4.10,3.547146482,3.8949506,experiment,light,4,10
601,dark,exp4.10,3.030754635,31.502752,experiment,light,4,10
161,natural,exp5.10,2.382369801,15.671337,experiment,light,5,10
382,light,exp5.10,3.863416065,4.5091381,experiment,light,5,10
602,dark,exp5.10,3.007284648,30.8885646,experiment,light,5,10
162,natural,exp6.10,1.659200803,15.2839889,experiment,light,6,10
383,light,exp6.10,3.175966481,4.8964862,experiment,light,6,10
603,dark,exp6.10,2.403529325,30.5012164,experiment,light,6,10
163,natural,exp7.10,1.566114958,8.1166393,experiment,dark,7,10
384,light,exp7.10,2.73367753,12.0638358,experiment,dark,7,10
604,dark,exp7.10,2.893990311,23.3338669,experiment,dark,7,10
164,natural,exp8.10,4.004564523,11.012144,experiment,natural,8,10
385,light,exp8.10,5.345419077,9.1683311,experiment,natural,8,10
605,dark,exp8.10,4.812004192,26.2293715,experiment,natural,8,10
165,natural,exp9.10,2.868935177,14.9695547,experiment,light,9,10
386,light,exp9.10,4.325258602,5.2109204,experiment,light,9,10
606,dark,exp9.10,3.532609473,30.1867822,experiment,light,9,10
166,natural,exp10.10,1.217217062,8.163952,experiment,natural,10,10
387,light,exp10.10,2.165967027,12.0165231,experiment,natural,10,10
607,dark,exp10.10,2.693136227,23.3811796,experiment,natural,10,10
167,natural,exp11.10,1.16828297,12.08568,experiment,natural,11,10
388,light,exp11.10,1.658730699,8.0947951,experiment,natural,11,10
608,dark,exp11.10,2.672061928,27.3029075,experiment,natural,11,10
168,natural,exp12.10,1.704911023,15.1491085,experiment,light,12,10
389,light,exp12.10,3.160363195,5.0313666,experiment,light,12,10
609,dark,exp12.10,2.482978542,30.3663361,experiment,light,12,10
169,natural,exp13.10,1.599833554,6.7234796,experiment,dark,13,10
390,light,exp13.10,2.738418775,13.4569955,experiment,dark,13,10
610,dark,exp13.10,2.943031979,21.9407071,experiment,dark,13,10
170,natural,exp14.10,1.688085627,3.2237049,experiment,dark,14,10
391,light,exp14.10,2.139068,16.9567702,experiment,dark,14,10
611,dark,exp14.10,3.196509831,18.4409325,experiment,dark,14,10
171,natural,exp15.10,1.303300868,11.2239417,experiment,dark,15,10
392,light,exp15.10,2.275162437,8.9565334,experiment,dark,15,10
612,dark,exp15.10,2.757892656,26.4411692,experiment,dark,15,10
172,natural,exp16.10,3.097591813,10.7965719,experiment,natural,16,10
393,light,exp16.10,4.474521477,9.3839032,experiment,natural,16,10
613,dark,exp16.10,3.958505824,26.0137994,experiment,natural,16,10
173,natural,exp17.10,4.513133885,14.4704514,experiment,light,17,10
394,light,exp17.10,6.040833308,5.7100237,experiment,light,17,10
614,dark,exp17.10,4.704520775,29.6876789,experiment,light,17,10
174,natural,exp18.10,0.900063727,10.539349,experiment,dark,18,10
395,light,exp18.10,1.331108361,9.6411261,experiment,dark,18,10
615,dark,exp18.10,2.364190383,25.7565765,experiment,dark,18,10
175,natural,exp19.10,1.117364138,2.9747116,experiment,dark,19,10
396,light,exp19.10,1.644366446,17.2057635,experiment,dark,19,10
616,dark,exp19.10,2.625552456,18.1919392,experiment,dark,19,10
176,natural,exp20.10,2.898499069,13.3625344,experiment,natural,20,10
397,light,exp20.10,4.349890751,6.8179407,experiment,natural,20,10
617,dark,exp20.10,3.637045577,28.5797619,experiment,natural,20,10
177,natural,exp21.10,2.547320797,12.4662468,experiment,natural,21,10
398,light,exp21.10,3.853820602,7.7142283,experiment,natural,21,10
618,dark,exp21.10,3.594468035,27.6834743,experiment,natural,21,10
178,natural,exp22.10,4.208905277,11.5473383,experiment,dark,22,10
399,light,exp22.10,5.66415515,8.6331368,experiment,dark,22,10
619,dark,exp22.10,4.769234708,26.7645658,experiment,dark,22,10
179,natural,exp1.11,3.262107818,12.9547125,experiment,light,1,11
400,light,exp1.11,4.730420792,7.2257626,experiment,light,1,11
620,dark,exp1.11,3.901275233,28.17194,experiment,light,1,11
180,natural,exp2.11,1.059562922,2.6267289,experiment,dark,2,11
401,light,exp2.11,1.57163663,17.5537462,experiment,dark,2,11
621,dark,exp2.11,2.495573313,17.8439564,experiment,dark,2,11
181,natural,exp3.11,1.397824384,20.1697089,experiment,light,3,11
402,light,exp3.11,1.094932976,0.0107662,experiment,light,3,11
622,dark,exp3.11,2.754900256,35.3869365,experiment,light,3,11
182,natural,exp4.11,1.060275099,14.1409103,experiment,light,4,11
403,light,exp4.11,2.331046364,6.0395648,experiment,light,4,11
623,dark,exp4.11,2.325229907,29.3581378,experiment,light,4,11
183,natural,exp5.11,1.210180185,15.7993533,experiment,light,5,11
404,light,exp5.11,2.607481514,4.3811218,experiment,light,5,11
624,dark,exp5.11,2.360755966,31.0165809,experiment,light,5,11
184,natural,exp6.11,2.892624947,13.4576491,experiment,light,6,11
405,light,exp6.11,4.386691563,6.722826,experiment,light,6,11
625,dark,exp6.11,3.477733377,28.6748767,experiment,light,6,11
185,natural,exp7.11,1.476986729,4.0747885,experiment,dark,7,11
406,light,exp7.11,2.738212558,16.1056866,experiment,dark,7,11
626,dark,exp7.11,2.750425545,19.292016,experiment,dark,7,11
186,natural,exp8.11,1.657311907,10.1554899,experiment,natural,8,11
407,light,exp8.11,1.05875498,10.0249852,experiment,natural,8,11
627,dark,exp8.11,2.963097657,25.3727174,experiment,natural,8,11
187,natural,exp9.11,2.087432131,10.7306204,experiment,light,9,11
408,light,exp9.11,3.502216687,9.4498547,experiment,light,9,11
628,dark,exp9.11,2.946890878,25.9478479,experiment,light,9,11
188,natural,exp10.11,0.766258204,6.5127195,experiment,natural,10,11
409,light,exp10.11,1.690278339,13.6677556,experiment,natural,10,11
629,dark,exp10.11,2.285680222,21.729947,experiment,natural,10,11
189,natural,exp11.11,0.970685411,6.8715773,experiment,natural,11,11
410,light,exp11.11,1.346727646,13.3088978,experiment,natural,11,11
630,dark,exp11.11,2.420328,22.0888048,experiment,natural,11,11
190,natural,exp12.11,1.801532256,12.6053906,experiment,light,12,11
411,light,exp12.11,3.31745208,7.5750845,experiment,light,12,11
631,dark,exp12.11,2.525910135,27.8226181,experiment,light,12,11
191,natural,exp13.11,1.897296988,11.3425092,experiment,dark,13,11
412,light,exp13.11,1.054937645,8.8379659,experiment,dark,13,11
632,dark,exp13.11,3.147022577,26.5597367,experiment,dark,13,11
192,natural,exp14.11,1.737959418,2.7216989,experiment,dark,14,11
413,light,exp14.11,2.977865699,17.4587762,experiment,dark,14,11
633,dark,exp14.11,2.977958024,17.9389264,experiment,dark,14,11
193,natural,exp15.11,1.726151195,7.0023337,experiment,dark,15,11
414,light,exp15.11,2.991029379,13.1781414,experiment,dark,15,11
634,dark,exp15.11,2.885650085,22.2195612,experiment,dark,15,11
194,natural,exp16.11,1.133007081,7.0823823,experiment,natural,16,11
415,light,exp16.11,2.578653424,13.0980928,experiment,natural,16,11
635,dark,exp16.11,2.234246323,22.2996098,experiment,natural,16,11
195,natural,exp17.11,1.659266038,15.1765694,experiment,light,17,11
416,light,exp17.11,3.130601607,5.0039057,experiment,light,17,11
636,dark,exp17.11,2.523302132,30.3937969,experiment,light,17,11
196,natural,exp18.11,2.41142112,7.1646605,experiment,dark,18,11
417,light,exp18.11,3.825250781,13.0158146,experiment,dark,18,11
637,dark,exp18.11,3.300570952,22.3818881,experiment,dark,18,11
197,natural,exp19.11,1.97727104,5.9551183,experiment,dark,19,11
418,light,exp19.11,0.493283253,14.2253568,experiment,dark,19,11
638,dark,exp19.11,2.72462882,21.1723458,experiment,dark,19,11
198,natural,exp20.11,1.328673182,6.9173917,experiment,natural,20,11
419,light,exp20.11,2.860573472,13.2630834,experiment,natural,20,11
639,dark,exp20.11,2.118712572,22.1346193,experiment,natural,20,11
199,natural,exp21.11,1.047511151,11.9022195,experiment,natural,21,11
420,light,exp21.11,1.571494981,8.2782556,experiment,natural,21,11
640,dark,exp21.11,2.56586495,27.1194471,experiment,natural,21,11
200,natural,exp22.11,3.512650082,14.0119863,experiment,dark,22,11
421,light,exp22.11,4.90845734,6.1684888,experiment,dark,22,11
641,dark,exp22.11,4.29297569,29.2292138,experiment,dark,22,11
